{
  "firestore": {
    "rules": "firestore.rules",
    "indexes": "firestore.indexes.json"
  },
  "functions": {
    "source": "functions",
    "runtime": "nodejs18"
  },
  "hosting": {
    "target": "wavespell-community",
    "public": "out",
    "ignore": [
      "firebase.json",
      "**/.*",
      "**/node_modules/**"
    ],
    "rewrites": [
      {
        "source": "**",
        "destination": "/index.html"
      }
    ],
    "headers": [
      {
        "source": "**/*.@(js|css)",
        "headers": [
          {
            "key": "Cache-Control",
            "value": "public, max-age=31536000"
          }
        ]
      }
    ]
  },
  "storage": {
    "rules": "storage.rules"
  }
}