{
  "indexes": [
    {
      "collectionGroup": "messages",
      "queryScope": "COLLECTION",
      "fields": [
        {
          "fieldPath": "timestamp",
          "order": "DESCENDING"
        }
      ]
    },
    {
      "collectionGroup": "users",
      "queryScope": "COLLECTION",
      "fields": [
        {
          "fieldPath": "galacticSignature.wavespell",
          "order": "ASCENDING"
        },
        {
          "fieldPath": "profile.joinedAt",
          "order": "DESCENDING"
        }
      ]
    },
    {
      "collectionGroup": "users",
      "queryScope": "COLLECTION",
      "fields": [
        {
          "fieldPath": "galacticSignature.color",
          "order": "ASCENDING"
        },
        {
          "fieldPath": "profile.joinedAt",
          "order": "DESCENDING"
        }
      ]
    },
    {
      "collectionGroup": "communities",
      "queryScope": "COLLECTION",
      "fields": [
        {
          "fieldPath": "wavespell",
          "order": "ASCENDING"
        },
        {
          "fieldPath": "createdAt",
          "order": "DESCENDING"
        }
      ]
    },
    {
      "collectionGroup": "communities",
      "queryScope": "COLLECTION",
      "fields": [
        {
          "fieldPath": "settings.isPrivate",
          "order": "ASCENDING"
        },
        {
          "fieldPath": "memberCount",
          "order": "DESCENDING"
        }
      ]
    }
  ],
  "fieldOverrides": []
}