{
  "name": "wavespell-community-app",
  "version": 2,
  "builds": [
    {
      "src": ".next/standalone/server.js",
      "use": "@vercel/node"
    }
  ],
  "env": {
    "NEXT_PUBLIC_FIREBASE_API_KEY": "@firebase-api-key",
    "NEXT_PUBLIC_FIREBASE_AUTH_DOMAIN": "@firebase-auth-domain", 
    "NEXT_PUBLIC_FIREBASE_PROJECT_ID": "@firebase-project-id",
    "NEXT_PUBLIC_FIREBASE_STORAGE_BUCKET": "@firebase-storage-bucket",
    "NEXT_PUBLIC_FIREBASE_MESSAGING_SENDER_ID": "@firebase-messaging-sender-id",
    "NEXT_PUBLIC_FIREBASE_APP_ID": "@firebase-app-id",
    "NEXT_PUBLIC_STRIPE_PUBLISHABLE_KEY": "@stripe-publishable-key",
    "STRIPE_SECRET_KEY": "@stripe-secret-key",
    "STRIPE_WEBHOOK_SECRET": "@stripe-webhook-secret"
  }
}